product_id;product_name;category;price
1;Office Chair;Furniture;445.01
2;Coffee Maker;Home & Kitchen;937.29
3;Document Scanner;Electronics;940.02
4;Desk Mat;Accessories;76.11
5;Tablet Stand;Accessories;388.17
6;Drawer Unit;Furniture;457.31
7;Bath Towels;Home & Kitchen;710.31
8;External SSD;Electronics;522.82
9;Computer Speakers;Electronics;20.36
10;Gaming Keyboard;Electronics;776.20
11;Gaming Mouse Pad;Accessories;313.63
12;Rice Cooker;Home & Kitchen;161.04
13;Phone Grip;Accessories;134.78
14;Toaster Oven;Home & Kitchen;844.45
15;Laptop Stand;Accessories;44.45
16;Mechanical Keyboard;Electronics;931.97
17;Food Processor;Home & Kitchen;139.62
18;Monitor Stand;Furniture;413.14
19;Laptop Sleeve;Accessories;394.45
20;Wireless Mouse;Electronics;358.27
21;Power Strip;Electronics;277.62
22;Microphone;Electronics;648.71
23;Bookshelf;Furniture;491.45
24;Portable Charger;Accessories;635.81
25;Bluetooth Headphones;Electronics;640.90
26;Noise Cancelling Headset;Electronics;345.18
27;Smart Watch;Electronics;824.90
28;Cable Organizer;Accessories;942.15
29;Storage Containers;Home & Kitchen;916.26
30;Kitchen Blender;Home & Kitchen;163.28
31;Wall Clock;Home & Kitchen;980.09
32;Storage Shelf;Furniture;79.41
33;WiFi Router;Electronics;148.60
34;Air Purifier;Home & Kitchen;638.17
35;Smartphone Case;Accessories;513.39
36;Standing Desk;Furniture;788.90
37;Throw Pillows;Home & Kitchen;832.24
38;Wireless Charger;Electronics;545.44
39;Wireless Presenter;Electronics;845.76
40;USB-C Hub;Electronics;786.96
41;Wireless Earbuds;Electronics;510.93
42;Electric Kettle;Home & Kitchen;260.72
43;Desk Organizer;Accessories;379.79
44;Screen Protector;Accessories;423.14
45;Desk Lamp;Home & Kitchen;582.20
46;4K Monitor;Electronics;715.55
47;Water Bottle;Home & Kitchen;431.25
48;File Cabinet;Furniture;648.43
50;Keyboard Wrist Rest;Accessories;476.46
51;Office Chair;Furniture;704.55
52;Coffee Maker;Home & Kitchen;159.46
53;Document Scanner;Electronics;241.30
54;Desk Mat;Accessories;767.20
55;Tablet Stand;Accessories;674.61
56;Drawer Unit;Furniture;794.85
57;Bath Towels;Home & Kitchen;995.21
58;External SSD;Electronics;234.44
59;Computer Speakers;Electronics;974.96
60;Gaming Keyboard;Electronics;716.78
61;Gaming Mouse Pad;Accessories;499.53
62;Rice Cooker;Home & Kitchen;621.24
63;Phone Grip;Accessories;519.33
64;Toaster Oven;Home & Kitchen;377.45
65;Laptop Stand;Accessories;599.96
66;Mechanical Keyboard;Electronics;620.87
67;Food Processor;Home & Kitchen;556.97
68;Monitor Stand;Furniture;245.35
69;Laptop Sleeve;Accessories;207.65
70;Wireless Mouse;Electronics;405.55
71;Power Strip;Electronics;278.21
72;Microphone;Electronics;40.52
73;Bookshelf;Furniture;524.58
74;Portable Charger;Accessories;787.42
75;Bluetooth Headphones;Electronics;476.96
76;Noise Cancelling Headset;Electronics;622.66
77;Smart Watch;Electronics;343.71
78;Cable Organizer;Accessories;651.06
79;Storage Containers;Home & Kitchen;530.41
80;Kitchen Blender;Home & Kitchen;934.82
82;Storage Shelf;Furniture;179.59
83;WiFi Router;Electronics;42.22
84;Air Purifier;Home & Kitchen;653.46
85;Smartphone Case;Accessories;847.65
86;Standing Desk;Furniture;716.51
87;Throw Pillows;Home & Kitchen;163.60
88;Wireless Charger;Electronics;666.66
89;Wireless Presenter;Electronics;244.38
90;USB-C Hub;Electronics;402.24
91;Wireless Earbuds;Electronics;20.87
92;Electric Kettle;Home & Kitchen;599.17
93;Desk Organizer;Accessories;600.11
94;Screen Protector;Accessories;837.35
95;Desk Lamp;Home & Kitchen;890.98
96;4K Monitor;Electronics;619.95
97;Water Bottle;Home & Kitchen;385.26
98;File Cabinet;Furniture;126.58
99;Webcam HD;Electronics;768.22
100;Keyboard Wrist Rest;Accessories;438.39
101;Office Chair;Furniture;713.74
102;Coffee Maker;Home & Kitchen;995.68
103;Document Scanner;Electronics;861.71
104;Desk Mat;Accessories;605.58
105;Tablet Stand;Accessories;367.19
106;Drawer Unit;Furniture;955.29
107;Bath Towels;Home & Kitchen;71.33
108;External SSD;Electronics;37.16
109;Computer Speakers;Electronics;55.02
111;Gaming Mouse Pad;Accessories;169.20
112;Rice Cooker;Home & Kitchen;78.53
113;Phone Grip;Accessories;187.26
114;Toaster Oven;Home & Kitchen;720.98
115;Laptop Stand;Accessories;756.85
116;Mechanical Keyboard;Electronics;212.51
117;Food Processor;Home & Kitchen;717.92
118;Monitor Stand;Furniture;92.46
119;Laptop Sleeve;Accessories;482.86
120;Wireless Mouse;Electronics;549.23
121;Power Strip;Electronics;432.32
122;Microphone;Electronics;338.97
123;Bookshelf;Furniture;634.27
124;Portable Charger;Accessories;705.93
125;Bluetooth Headphones;Electronics;785.10
126;Noise Cancelling Headset;Electronics;917.21
127;Smart Watch;Electronics;125.24
128;Cable Organizer;Accessories;660.55
129;Storage Containers;Home & Kitchen;749.80
130;Kitchen Blender;Home & Kitchen;147.44
131;Wall Clock;Home & Kitchen;710.47
132;Storage Shelf;Furniture;515.57
133;WiFi Router;Electronics;751.90
134;Air Purifier;Home & Kitchen;495.60
135;Smartphone Case;Accessories;680.57
136;Standing Desk;Furniture;313.50
137;Throw Pillows;Home & Kitchen;670.17
138;Wireless Charger;Electronics;889.87
139;Wireless Presenter;Electronics;325.14
140;USB-C Hub;Electronics;70.68
141;Wireless Earbuds;Electronics;956.18
142;Electric Kettle;Home & Kitchen;838.07
143;Desk Organizer;Accessories;463.25
144;Screen Protector;Accessories;693.15
145;Desk Lamp;Home & Kitchen;396.51
146;4K Monitor;Electronics;888.70
147;Water Bottle;Home & Kitchen;114.10
148;File Cabinet;Furniture;777.45
149;Webcam HD;Electronics;652.22
150;Keyboard Wrist Rest;Accessories;217.14
151;Office Chair;Furniture;400.26
153;Document Scanner;Electronics;971.63
154;Desk Mat;Accessories;713.39
155;Tablet Stand;Accessories;88.11
156;Drawer Unit;Furniture;292.22
157;Bath Towels;Home & Kitchen;638.45
158;External SSD;Electronics;757.32
159;Computer Speakers;Electronics;633.82
160;Gaming Keyboard;Electronics;536.91
161;Gaming Mouse Pad;Accessories;476.79
162;Rice Cooker;Home & Kitchen;141.76
163;Phone Grip;Accessories;813.86
164;Toaster Oven;Home & Kitchen;770.31
165;Laptop Stand;Accessories;739.58
166;Mechanical Keyboard;Electronics;741.41
167;Food Processor;Home & Kitchen;535.07
168;Monitor Stand;Furniture;891.25
169;Laptop Sleeve;Accessories;343.65
170;Wireless Mouse;Electronics;290.93
171;Power Strip;Electronics;132.95
172;Microphone;Electronics;750.34
173;Bookshelf;Furniture;903.96
174;Portable Charger;Accessories;101.30
175;Bluetooth Headphones;Electronics;254.73
176;Noise Cancelling Headset;Electronics;534.78
177;Smart Watch;Electronics;881.44
178;Cable Organizer;Accessories;921.76
179;Storage Containers;Home & Kitchen;618.01
180;Kitchen Blender;Home & Kitchen;592.80
181;Wall Clock;Home & Kitchen;792.26
182;Storage Shelf;Furniture;770.46
183;WiFi Router;Electronics;503.88
184;Air Purifier;Home & Kitchen;551.88
185;Smartphone Case;Accessories;134.04
186;Standing Desk;Furniture;337.10
187;Throw Pillows;Home & Kitchen;112.02
188;Wireless Charger;Electronics;116.99
189;Wireless Presenter;Electronics;281.92
190;USB-C Hub;Electronics;151.66
191;Wireless Earbuds;Electronics;850.85
192;Electric Kettle;Home & Kitchen;216.51
193;Desk Organizer;Accessories;459.72
194;Screen Protector;Accessories;575.04
195;Desk Lamp;Home & Kitchen;807.09
196;4K Monitor;Electronics;187.11
197;Water Bottle;Home & Kitchen;80.33
198;File Cabinet;Furniture;560.40
199;Webcam HD;Electronics;809.75
200;Keyboard Wrist Rest;Accessories;153.88
201;Office Chair;Furniture;327.92
202;Coffee Maker;Home & Kitchen;211.92
203;Document Scanner;Electronics;877.27
204;Desk Mat;Accessories;923.37
205;Tablet Stand;Accessories;331.01
206;Drawer Unit;Furniture;670.50
207;Bath Towels;Home & Kitchen;241.36
208;External SSD;Electronics;419.98
209;Computer Speakers;Electronics;955.80
210;Gaming Keyboard;Electronics;822.10
211;Gaming Mouse Pad;Accessories;871.02
212;Rice Cooker;Home & Kitchen;667.50
213;Phone Grip;Accessories;128.26
214;Toaster Oven;Home & Kitchen;322.10
215;Laptop Stand;Accessories;393.00
216;Mechanical Keyboard;Electronics;908.76
217;Food Processor;Home & Kitchen;252.67
218;Monitor Stand;Furniture;438.79
219;Laptop Sleeve;Accessories;477.95
220;Wireless Mouse;Electronics;26.50
221;Power Strip;Electronics;657.51
222;Microphone;Electronics;668.94
223;Bookshelf;Furniture;640.44
224;Portable Charger;Accessories;316.48
225;Bluetooth Headphones;Electronics;137.03
226;Noise Cancelling Headset;Electronics;828.05
227;Smart Watch;Electronics;583.51
228;Cable Organizer;Accessories;225.41
229;Storage Containers;Home & Kitchen;467.45
230;Kitchen Blender;Home & Kitchen;300.28
231;Wall Clock;Home & Kitchen;62.02
232;Storage Shelf;Furniture;875.67
233;WiFi Router;Electronics;767.58
234;Air Purifier;Home & Kitchen;85.84
235;Smartphone Case;Accessories;782.25
236;Standing Desk;Furniture;82.48
237;Throw Pillows;Home & Kitchen;322.78
238;Wireless Charger;Electronics;61.99
239;Wireless Presenter;Electronics;770.36
240;USB-C Hub;Electronics;20.82
241;Wireless Earbuds;Electronics;245.00
242;Electric Kettle;Home & Kitchen;957.07
243;Desk Organizer;Accessories;634.60
244;Screen Protector;Accessories;722.31
245;Desk Lamp;Home & Kitchen;176.96
246;4K Monitor;Electronics;80.42
247;Water Bottle;Home & Kitchen;165.03
248;File Cabinet;Furniture;725.39
249;Webcam HD;Electronics;927.28
250;Keyboard Wrist Rest;Accessories;491.82
251;Office Chair;Furniture;597.35
252;Coffee Maker;Home & Kitchen;269.53
253;Document Scanner;Electronics;323.45
254;Desk Mat;Accessories;502.90
255;Tablet Stand;Accessories;594.05
256;Drawer Unit;Furniture;934.33
257;Bath Towels;Home & Kitchen;922.32
258;External SSD;Electronics;280.14
259;Computer Speakers;Electronics;346.63
260;Gaming Keyboard;Electronics;242.23
261;Gaming Mouse Pad;Accessories;761.69
262;Rice Cooker;Home & Kitchen;949.91
263;Phone Grip;Accessories;834.83
264;Toaster Oven;Home & Kitchen;910.88
265;Laptop Stand;Accessories;619.75
266;Mechanical Keyboard;Electronics;312.07
267;Food Processor;Home & Kitchen;961.50
268;Monitor Stand;Furniture;845.57
269;Laptop Sleeve;Accessories;542.17
270;Wireless Mouse;Electronics;162.78
271;Power Strip;Electronics;369.14
272;Microphone;Electronics;963.83
273;Bookshelf;Furniture;892.45
274;Portable Charger;Accessories;526.69
275;Bluetooth Headphones;Electronics;925.92
276;Noise Cancelling Headset;Electronics;198.38
278;Cable Organizer;Accessories;956.57
279;Storage Containers;Home & Kitchen;654.23
280;Kitchen Blender;Home & Kitchen;800.98
281;Wall Clock;Home & Kitchen;400.97
282;Storage Shelf;Furniture;341.72
283;WiFi Router;Electronics;476.05
284;Air Purifier;Home & Kitchen;183.87
285;Smartphone Case;Accessories;620.59
286;Standing Desk;Furniture;450.56
287;Throw Pillows;Home & Kitchen;805.66
288;Wireless Charger;Electronics;672.99
289;Wireless Presenter;Electronics;175.20
290;USB-C Hub;Electronics;877.47
292;Electric Kettle;Home & Kitchen;866.11
293;Desk Organizer;Accessories;160.78
294;Screen Protector;Accessories;648.22
295;Desk Lamp;Home & Kitchen;191.50
296;4K Monitor;Electronics;590.90
297;Water Bottle;Home & Kitchen;629.95
298;File Cabinet;Furniture;246.76
299;Webcam HD;Electronics;589.03
300;Keyboard Wrist Rest;Accessories;23.61
301;Office Chair;Furniture;123.12
302;Coffee Maker;Home & Kitchen;160.82
303;Document Scanner;Electronics;378.57
304;Desk Mat;Accessories;938.00
305;Tablet Stand;Accessories;164.58
306;Drawer Unit;Furniture;90.45
307;Bath Towels;Home & Kitchen;921.56
308;External SSD;Electronics;676.62
309;Computer Speakers;Electronics;864.90
310;Gaming Keyboard;Electronics;434.43
311;Gaming Mouse Pad;Accessories;717.60
312;Rice Cooker;Home & Kitchen;632.17
313;Phone Grip;Accessories;855.71
314;Toaster Oven;Home & Kitchen;844.30
315;Laptop Stand;Accessories;204.56
316;Mechanical Keyboard;Electronics;461.62
317;Food Processor;Home & Kitchen;752.78
318;Monitor Stand;Furniture;271.12
319;Laptop Sleeve;Accessories;611.11
320;Wireless Mouse;Electronics;946.27
321;Power Strip;Electronics;986.87
322;Microphone;Electronics;427.01
323;Bookshelf;Furniture;684.64
324;Portable Charger;Accessories;24.13
325;Bluetooth Headphones;Electronics;90.60
326;Noise Cancelling Headset;Electronics;797.75
327;Smart Watch;Electronics;239.40
328;Cable Organizer;Accessories;808.33
329;Storage Containers;Home & Kitchen;974.91
330;Kitchen Blender;Home & Kitchen;16.90
331;Wall Clock;Home & Kitchen;395.33
332;Storage Shelf;Furniture;903.09
334;Air Purifier;Home & Kitchen;489.20
335;Smartphone Case;Accessories;415.23
336;Standing Desk;Furniture;962.93
337;Throw Pillows;Home & Kitchen;258.40
338;Wireless Charger;Electronics;174.19
339;Wireless Presenter;Electronics;242.33
340;USB-C Hub;Electronics;178.52
341;Wireless Earbuds;Electronics;267.48
342;Electric Kettle;Home & Kitchen;162.87
343;Desk Organizer;Accessories;361.47
344;Screen Protector;Accessories;873.14
345;Desk Lamp;Home & Kitchen;571.79
346;4K Monitor;Electronics;49.16
347;Water Bottle;Home & Kitchen;697.57
348;File Cabinet;Furniture;909.15
349;Webcam HD;Electronics;768.97
350;Keyboard Wrist Rest;Accessories;126.55
351;Office Chair;Furniture;131.99
352;Coffee Maker;Home & Kitchen;610.68
353;Document Scanner;Electronics;652.38
354;Desk Mat;Accessories;928.81
355;Tablet Stand;Accessories;989.41
356;Drawer Unit;Furniture;872.48
357;Bath Towels;Home & Kitchen;83.35
358;External SSD;Electronics;606.53
359;Computer Speakers;Electronics;796.95
360;Gaming Keyboard;Electronics;589.60
361;Gaming Mouse Pad;Accessories;58.43
362;Rice Cooker;Home & Kitchen;817.29
363;Phone Grip;Accessories;62.41
364;Toaster Oven;Home & Kitchen;517.59
365;Laptop Stand;Accessories;606.53
366;Mechanical Keyboard;Electronics;136.29
367;Food Processor;Home & Kitchen;911.20
368;Monitor Stand;Furniture;334.91
369;Laptop Sleeve;Accessories;887.46
370;Wireless Mouse;Electronics;384.95
371;Power Strip;Electronics;162.35
372;Microphone;Electronics;737.62
373;Bookshelf;Furniture;191.37
374;Portable Charger;Accessories;679.83
375;Bluetooth Headphones;Electronics;490.32
376;Noise Cancelling Headset;Electronics;242.49
377;Smart Watch;Electronics;474.20
378;Cable Organizer;Accessories;964.87
380;Kitchen Blender;Home & Kitchen;932.78
381;Wall Clock;Home & Kitchen;552.57
382;Storage Shelf;Furniture;504.93
383;WiFi Router;Electronics;122.74
384;Air Purifier;Home & Kitchen;631.97
385;Smartphone Case;Accessories;122.50
386;Standing Desk;Furniture;211.98
387;Throw Pillows;Home & Kitchen;535.97
388;Wireless Charger;Electronics;713.28
389;Wireless Presenter;Electronics;834.15
390;USB-C Hub;Electronics;995.61
391;Wireless Earbuds;Electronics;766.73
392;Electric Kettle;Home & Kitchen;968.11
393;Desk Organizer;Accessories;938.52
394;Screen Protector;Accessories;933.36
395;Desk Lamp;Home & Kitchen;274.64
396;4K Monitor;Electronics;505.38
397;Water Bottle;Home & Kitchen;353.42
398;File Cabinet;Furniture;658.44
399;Webcam HD;Electronics;313.83
400;Keyboard Wrist Rest;Accessories;369.05
401;Office Chair;Furniture;136.32
402;Coffee Maker;Home & Kitchen;204.98
403;Document Scanner;Electronics;293.65
404;Desk Mat;Accessories;711.17
405;Tablet Stand;Accessories;450.82
406;Drawer Unit;Furniture;934.43
407;Bath Towels;Home & Kitchen;863.47
408;External SSD;Electronics;453.95
409;Computer Speakers;Electronics;891.41
410;Gaming Keyboard;Electronics;186.58
411;Gaming Mouse Pad;Accessories;607.61
412;Rice Cooker;Home & Kitchen;512.25
413;Phone Grip;Accessories;348.25
414;Toaster Oven;Home & Kitchen;954.56
415;Laptop Stand;Accessories;368.41
416;Mechanical Keyboard;Electronics;545.62
417;Food Processor;Home & Kitchen;284.87
418;Monitor Stand;Furniture;296.74
419;Laptop Sleeve;Accessories;347.51
420;Wireless Mouse;Electronics;560.83
421;Power Strip;Electronics;90.29
422;Microphone;Electronics;910.45
424;Portable Charger;Accessories;697.19
425;Bluetooth Headphones;Electronics;960.56
426;Noise Cancelling Headset;Electronics;853.93
427;Smart Watch;Electronics;283.49
428;Cable Organizer;Accessories;986.51
429;Storage Containers;Home & Kitchen;202.78
430;Kitchen Blender;Home & Kitchen;658.78
431;Wall Clock;Home & Kitchen;387.14
432;Storage Shelf;Furniture;18.81
433;WiFi Router;Electronics;330.84
434;Air Purifier;Home & Kitchen;327.19
435;Smartphone Case;Accessories;596.53
436;Standing Desk;Furniture;659.28
437;Throw Pillows;Home & Kitchen;22.91
438;Wireless Charger;Electronics;643.24
439;Wireless Presenter;Electronics;186.78
441;Wireless Earbuds;Electronics;279.18
442;Electric Kettle;Home & Kitchen;126.99
443;Desk Organizer;Accessories;359.57
444;Screen Protector;Accessories;991.03
445;Desk Lamp;Home & Kitchen;476.57
446;4K Monitor;Electronics;290.25
447;Water Bottle;Home & Kitchen;633.06
448;File Cabinet;Furniture;862.17
450;Keyboard Wrist Rest;Accessories;723.04
451;Office Chair;Furniture;179.05
452;Coffee Maker;Home & Kitchen;873.67
453;Document Scanner;Electronics;355.12
454;Desk Mat;Accessories;341.04
455;Tablet Stand;Accessories;392.06
456;Drawer Unit;Furniture;970.41
457;Bath Towels;Home & Kitchen;265.08
458;External SSD;Electronics;178.04
459;Computer Speakers;Electronics;969.89
460;Gaming Keyboard;Electronics;345.87
461;Gaming Mouse Pad;Accessories;727.72
462;Rice Cooker;Home & Kitchen;458.77
463;Phone Grip;Accessories;109.49
464;Toaster Oven;Home & Kitchen;576.90
465;Laptop Stand;Accessories;827.35
466;Mechanical Keyboard;Electronics;206.79
467;Food Processor;Home & Kitchen;202.70
468;Monitor Stand;Furniture;968.69
469;Laptop Sleeve;Accessories;554.74
470;Wireless Mouse;Electronics;89.99
471;Power Strip;Electronics;695.03
472;Microphone;Electronics;568.49
473;Bookshelf;Furniture;380.70
474;Portable Charger;Accessories;923.76
475;Bluetooth Headphones;Electronics;345.21
476;Noise Cancelling Headset;Electronics;430.69
477;Smart Watch;Electronics;998.47
478;Cable Organizer;Accessories;277.35
479;Storage Containers;Home & Kitchen;856.93
480;Kitchen Blender;Home & Kitchen;330.42
481;Wall Clock;Home & Kitchen;158.41
482;Storage Shelf;Furniture;88.23
483;WiFi Router;Electronics;910.23
484;Air Purifier;Home & Kitchen;187.42
485;Smartphone Case;Accessories;149.30
486;Standing Desk;Furniture;449.74
487;Throw Pillows;Home & Kitchen;540.88
488;Wireless Charger;Electronics;724.27
489;Wireless Presenter;Electronics;586.15
490;USB-C Hub;Electronics;658.37
491;Wireless Earbuds;Electronics;514.91
492;Electric Kettle;Home & Kitchen;117.74
493;Desk Organizer;Accessories;76.11
494;Screen Protector;Accessories;695.24
495;Desk Lamp;Home & Kitchen;768.87
496;4K Monitor;Electronics;671.47
497;Water Bottle;Home & Kitchen;859.55
498;File Cabinet;Furniture;135.50
499;Webcam HD;Electronics;746.48
500;Keyboard Wrist Rest;Accessories;468.54
501;Office Chair;Furniture;468.53
502;Coffee Maker;Home & Kitchen;333.71
503;Document Scanner;Electronics;602.30
504;Desk Mat;Accessories;916.61
505;Tablet Stand;Accessories;929.66
506;Drawer Unit;Furniture;735.88
507;Bath Towels;Home & Kitchen;352.06
508;External SSD;Electronics;439.15
509;Computer Speakers;Electronics;852.20
510;Gaming Keyboard;Electronics;222.93
511;Gaming Mouse Pad;Accessories;294.11
512;Rice Cooker;Home & Kitchen;426.27
513;Phone Grip;Accessories;634.14
514;Toaster Oven;Home & Kitchen;808.53
515;Laptop Stand;Accessories;137.58
516;Mechanical Keyboard;Electronics;40.03
517;Food Processor;Home & Kitchen;145.21
518;Monitor Stand;Furniture;197.58
519;Laptop Sleeve;Accessories;994.32
520;Wireless Mouse;Electronics;431.12
521;Power Strip;Electronics;135.86
522;Microphone;Electronics;406.07
523;Bookshelf;Furniture;46.45
524;Portable Charger;Accessories;578.01
525;Bluetooth Headphones;Electronics;785.90
526;Noise Cancelling Headset;Electronics;182.82
527;Smart Watch;Electronics;623.54
528;Cable Organizer;Accessories;602.50
529;Storage Containers;Home & Kitchen;289.53
530;Kitchen Blender;Home & Kitchen;822.34
531;Wall Clock;Home & Kitchen;804.74
532;Storage Shelf;Furniture;456.19
533;WiFi Router;Electronics;105.19
534;Air Purifier;Home & Kitchen;840.99
535;Smartphone Case;Accessories;769.23
536;Standing Desk;Furniture;384.21
537;Throw Pillows;Home & Kitchen;891.20
538;Wireless Charger;Electronics;956.06
539;Wireless Presenter;Electronics;24.19
540;USB-C Hub;Electronics;700.37
541;Wireless Earbuds;Electronics;154.05
542;Electric Kettle;Home & Kitchen;45.12
543;Desk Organizer;Accessories;708.65
544;Screen Protector;Accessories;132.83
545;Desk Lamp;Home & Kitchen;171.11
546;4K Monitor;Electronics;532.71
547;Water Bottle;Home & Kitchen;359.61
548;File Cabinet;Furniture;35.28
549;Webcam HD;Electronics;636.16
550;Keyboard Wrist Rest;Accessories;493.65
551;Office Chair;Furniture;972.42
552;Coffee Maker;Home & Kitchen;661.50
553;Document Scanner;Electronics;225.57
554;Desk Mat;Accessories;256.21
555;Tablet Stand;Accessories;652.44
556;Drawer Unit;Furniture;928.96
557;Bath Towels;Home & Kitchen;113.44
558;External SSD;Electronics;189.47
559;Computer Speakers;Electronics;601.00
560;Gaming Keyboard;Electronics;821.67
561;Gaming Mouse Pad;Accessories;827.26
562;Rice Cooker;Home & Kitchen;972.16
563;Phone Grip;Accessories;845.65
564;Toaster Oven;Home & Kitchen;392.09
565;Laptop Stand;Accessories;56.32
566;Mechanical Keyboard;Electronics;696.52
567;Food Processor;Home & Kitchen;663.72
568;Monitor Stand;Furniture;592.72
569;Laptop Sleeve;Accessories;660.88
570;Wireless Mouse;Electronics;738.60
571;Power Strip;Electronics;734.89
572;Microphone;Electronics;466.02
573;Bookshelf;Furniture;928.48
574;Portable Charger;Accessories;955.43
575;Bluetooth Headphones;Electronics;812.69
576;Noise Cancelling Headset;Electronics;462.87
577;Smart Watch;Electronics;157.29
579;Storage Containers;Home & Kitchen;928.65
580;Kitchen Blender;Home & Kitchen;761.41
581;Wall Clock;Home & Kitchen;690.64
582;Storage Shelf;Furniture;61.12
583;WiFi Router;Electronics;77.77
584;Air Purifier;Home & Kitchen;391.87
585;Smartphone Case;Accessories;717.16
586;Standing Desk;Furniture;638.98
587;Throw Pillows;Home & Kitchen;68.34
588;Wireless Charger;Electronics;627.95
589;Wireless Presenter;Electronics;108.21
590;USB-C Hub;Electronics;477.37
591;Wireless Earbuds;Electronics;595.00
592;Electric Kettle;Home & Kitchen;300.03
593;Desk Organizer;Accessories;276.04
594;Screen Protector;Accessories;878.54
595;Desk Lamp;Home & Kitchen;556.46
596;4K Monitor;Electronics;377.25
597;Water Bottle;Home & Kitchen;550.65
598;File Cabinet;Furniture;388.20
599;Webcam HD;Electronics;613.17
600;Keyboard Wrist Rest;Accessories;859.22
601;Office Chair;Furniture;266.88
602;Coffee Maker;Home & Kitchen;187.49
603;Document Scanner;Electronics;213.22
604;Desk Mat;Accessories;769.10
605;Tablet Stand;Accessories;379.32
606;Drawer Unit;Furniture;451.58
607;Bath Towels;Home & Kitchen;461.60
608;External SSD;Electronics;661.12
609;Computer Speakers;Electronics;457.84
610;Gaming Keyboard;Electronics;525.35
611;Gaming Mouse Pad;Accessories;47.42
612;Rice Cooker;Home & Kitchen;113.93
613;Phone Grip;Accessories;189.01
614;Toaster Oven;Home & Kitchen;983.86
615;Laptop Stand;Accessories;179.19
616;Mechanical Keyboard;Electronics;323.94
617;Food Processor;Home & Kitchen;628.23
618;Monitor Stand;Furniture;695.11
619;Laptop Sleeve;Accessories;212.23
620;Wireless Mouse;Electronics;989.63
621;Power Strip;Electronics;780.50
622;Microphone;Electronics;147.05
623;Bookshelf;Furniture;661.53
625;Bluetooth Headphones;Electronics;457.98
626;Noise Cancelling Headset;Electronics;197.13
627;Smart Watch;Electronics;910.75
628;Cable Organizer;Accessories;578.01
629;Storage Containers;Home & Kitchen;731.75
630;Kitchen Blender;Home & Kitchen;828.03
631;Wall Clock;Home & Kitchen;821.44
632;Storage Shelf;Furniture;826.55
633;WiFi Router;Electronics;232.49
634;Air Purifier;Home & Kitchen;738.34
635;Smartphone Case;Accessories;265.05
636;Standing Desk;Furniture;178.87
637;Throw Pillows;Home & Kitchen;997.33
638;Wireless Charger;Electronics;657.05
639;Wireless Presenter;Electronics;432.07
640;USB-C Hub;Electronics;634.32
641;Wireless Earbuds;Electronics;337.94
642;Electric Kettle;Home & Kitchen;824.43
643;Desk Organizer;Accessories;823.99
644;Screen Protector;Accessories;372.06
645;Desk Lamp;Home & Kitchen;893.24
646;4K Monitor;Electronics;128.90
647;Water Bottle;Home & Kitchen;292.15
648;File Cabinet;Furniture;951.43
649;Webcam HD;Electronics;612.05
650;Keyboard Wrist Rest;Accessories;583.16
651;Office Chair;Furniture;593.76
652;Coffee Maker;Home & Kitchen;196.89
653;Document Scanner;Electronics;340.41
654;Desk Mat;Accessories;466.20
655;Tablet Stand;Accessories;987.21
656;Drawer Unit;Furniture;762.16
657;Bath Towels;Home & Kitchen;623.66
658;External SSD;Electronics;524.39
659;Computer Speakers;Electronics;70.66
660;Gaming Keyboard;Electronics;819.44
661;Gaming Mouse Pad;Accessories;884.66
662;Rice Cooker;Home & Kitchen;811.98
663;Phone Grip;Accessories;588.31
664;Toaster Oven;Home & Kitchen;767.97
665;Laptop Stand;Accessories;161.58
666;Mechanical Keyboard;Electronics;230.01
667;Food Processor;Home & Kitchen;29.14
668;Monitor Stand;Furniture;200.20
669;Laptop Sleeve;Accessories;899.00
670;Wireless Mouse;Electronics;557.61
671;Power Strip;Electronics;915.59
672;Microphone;Electronics;294.05
673;Bookshelf;Furniture;486.12
674;Portable Charger;Accessories;69.87
675;Bluetooth Headphones;Electronics;457.65
676;Noise Cancelling Headset;Electronics;227.45
677;Smart Watch;Electronics;167.70
678;Cable Organizer;Accessories;736.66
679;Storage Containers;Home & Kitchen;869.17
680;Kitchen Blender;Home & Kitchen;75.70
681;Wall Clock;Home & Kitchen;389.16
682;Storage Shelf;Furniture;795.33
683;WiFi Router;Electronics;178.09
684;Air Purifier;Home & Kitchen;602.90
685;Smartphone Case;Accessories;254.38
686;Standing Desk;Furniture;798.10
687;Throw Pillows;Home & Kitchen;254.62
688;Wireless Charger;Electronics;976.37
689;Wireless Presenter;Electronics;132.94
690;USB-C Hub;Electronics;698.13
691;Wireless Earbuds;Electronics;396.62
692;Electric Kettle;Home & Kitchen;670.70
693;Desk Organizer;Accessories;930.02
694;Screen Protector;Accessories;730.37
695;Desk Lamp;Home & Kitchen;46.74
696;4K Monitor;Electronics;469.39
697;Water Bottle;Home & Kitchen;964.02
698;File Cabinet;Furniture;502.33
699;Webcam HD;Electronics;938.94
700;Keyboard Wrist Rest;Accessories;439.17
701;Office Chair;Furniture;503.86
702;Coffee Maker;Home & Kitchen;544.24
703;Document Scanner;Electronics;637.22
704;Desk Mat;Accessories;627.21
705;Tablet Stand;Accessories;522.34
706;Drawer Unit;Furniture;38.32
707;Bath Towels;Home & Kitchen;388.55
708;External SSD;Electronics;49.07
709;Computer Speakers;Electronics;41.44
710;Gaming Keyboard;Electronics;635.91
711;Gaming Mouse Pad;Accessories;178.54
712;Rice Cooker;Home & Kitchen;621.37
713;Phone Grip;Accessories;336.95
714;Toaster Oven;Home & Kitchen;434.47
715;Laptop Stand;Accessories;678.63
716;Mechanical Keyboard;Electronics;980.89
717;Food Processor;Home & Kitchen;458.18
718;Monitor Stand;Furniture;54.43
719;Laptop Sleeve;Accessories;348.21
720;Wireless Mouse;Electronics;538.02
721;Power Strip;Electronics;734.38
722;Microphone;Electronics;777.50
723;Bookshelf;Furniture;529.78
724;Portable Charger;Accessories;646.45
725;Bluetooth Headphones;Electronics;722.25
726;Noise Cancelling Headset;Electronics;657.60
727;Smart Watch;Electronics;166.62
728;Cable Organizer;Accessories;197.66
729;Storage Containers;Home & Kitchen;421.65
730;Kitchen Blender;Home & Kitchen;289.20
731;Wall Clock;Home & Kitchen;920.07
732;Storage Shelf;Furniture;677.91
733;WiFi Router;Electronics;430.83
734;Air Purifier;Home & Kitchen;677.76
735;Smartphone Case;Accessories;361.74
736;Standing Desk;Furniture;581.83
737;Throw Pillows;Home & Kitchen;34.93
738;Wireless Charger;Electronics;738.11
739;Wireless Presenter;Electronics;763.99
740;USB-C Hub;Electronics;150.23
741;Wireless Earbuds;Electronics;921.51
742;Electric Kettle;Home & Kitchen;642.70
743;Desk Organizer;Accessories;959.52
744;Screen Protector;Accessories;621.58
745;Desk Lamp;Home & Kitchen;235.65
746;4K Monitor;Electronics;128.89
747;Water Bottle;Home & Kitchen;911.73
748;File Cabinet;Furniture;375.53
749;Webcam HD;Electronics;584.97
750;Keyboard Wrist Rest;Accessories;207.25
751;Office Chair;Furniture;57.04
752;Coffee Maker;Home & Kitchen;213.16
753;Document Scanner;Electronics;619.32
754;Desk Mat;Accessories;257.22
755;Tablet Stand;Accessories;800.29
756;Drawer Unit;Furniture;170.95
757;Bath Towels;Home & Kitchen;520.39
758;External SSD;Electronics;540.82
759;Computer Speakers;Electronics;444.80
760;Gaming Keyboard;Electronics;943.88
761;Gaming Mouse Pad;Accessories;795.76
762;Rice Cooker;Home & Kitchen;518.30
763;Phone Grip;Accessories;680.24
764;Toaster Oven;Home & Kitchen;196.96
765;Laptop Stand;Accessories;244.39
766;Mechanical Keyboard;Electronics;870.32
767;Food Processor;Home & Kitchen;989.80
768;Monitor Stand;Furniture;72.24
769;Laptop Sleeve;Accessories;974.57
770;Wireless Mouse;Electronics;710.16
772;Microphone;Electronics;973.43
773;Bookshelf;Furniture;807.40
774;Portable Charger;Accessories;943.17
775;Bluetooth Headphones;Electronics;726.35
776;Noise Cancelling Headset;Electronics;41.14
777;Smart Watch;Electronics;770.32
778;Cable Organizer;Accessories;57.08
779;Storage Containers;Home & Kitchen;819.80
780;Kitchen Blender;Home & Kitchen;337.21
781;Wall Clock;Home & Kitchen;842.04
782;Storage Shelf;Furniture;819.02
783;WiFi Router;Electronics;513.82
784;Air Purifier;Home & Kitchen;884.57
785;Smartphone Case;Accessories;583.08
786;Standing Desk;Furniture;507.25
787;Throw Pillows;Home & Kitchen;843.88
788;Wireless Charger;Electronics;483.19
789;Wireless Presenter;Electronics;477.53
790;USB-C Hub;Electronics;861.45
791;Wireless Earbuds;Electronics;73.21
792;Electric Kettle;Home & Kitchen;128.08
793;Desk Organizer;Accessories;333.02
794;Screen Protector;Accessories;532.33
795;Desk Lamp;Home & Kitchen;318.84
796;4K Monitor;Electronics;972.63
797;Water Bottle;Home & Kitchen;749.98
798;File Cabinet;Furniture;126.71
799;Webcam HD;Electronics;555.36
800;Keyboard Wrist Rest;Accessories;972.81
801;Office Chair;Furniture;415.25
802;Coffee Maker;Home & Kitchen;851.23
803;Document Scanner;Electronics;783.45
804;Desk Mat;Accessories;257.90
805;Tablet Stand;Accessories;857.44
806;Drawer Unit;Furniture;630.30
807;Bath Towels;Home & Kitchen;109.21
808;External SSD;Electronics;869.13
809;Computer Speakers;Electronics;675.30
810;Gaming Keyboard;Electronics;40.48
811;Gaming Mouse Pad;Accessories;642.56
813;Phone Grip;Accessories;790.99
814;Toaster Oven;Home & Kitchen;548.16
815;Laptop Stand;Accessories;944.07
816;Mechanical Keyboard;Electronics;617.94
817;Food Processor;Home & Kitchen;922.37
818;Monitor Stand;Furniture;660.35
819;Laptop Sleeve;Accessories;883.31
820;Wireless Mouse;Electronics;965.16
821;Power Strip;Electronics;212.11
822;Microphone;Electronics;273.53
823;Bookshelf;Furniture;907.19
824;Portable Charger;Accessories;268.95
825;Bluetooth Headphones;Electronics;278.04
826;Noise Cancelling Headset;Electronics;862.96
827;Smart Watch;Electronics;764.34
828;Cable Organizer;Accessories;830.30
829;Storage Containers;Home & Kitchen;877.76
830;Kitchen Blender;Home & Kitchen;446.82
831;Wall Clock;Home & Kitchen;912.94
832;Storage Shelf;Furniture;779.33
833;WiFi Router;Electronics;692.90
834;Air Purifier;Home & Kitchen;916.90
835;Smartphone Case;Accessories;582.85
836;Standing Desk;Furniture;888.47
837;Throw Pillows;Home & Kitchen;281.99
838;Wireless Charger;Electronics;334.13
839;Wireless Presenter;Electronics;73.42
840;USB-C Hub;Electronics;645.79
841;Wireless Earbuds;Electronics;174.45
842;Electric Kettle;Home & Kitchen;461.99
843;Desk Organizer;Accessories;962.82
844;Screen Protector;Accessories;0.16
845;Desk Lamp;Home & Kitchen;870.86
846;4K Monitor;Electronics;834.65
847;Water Bottle;Home & Kitchen;389.90
848;File Cabinet;Furniture;106.73
849;Webcam HD;Electronics;219.06
850;Keyboard Wrist Rest;Accessories;374.12
851;Office Chair;Furniture;115.16
852;Coffee Maker;Home & Kitchen;71.63
853;Document Scanner;Electronics;503.79
854;Desk Mat;Accessories;450.46
855;Tablet Stand;Accessories;349.50
856;Drawer Unit;Furniture;783.16
857;Bath Towels;Home & Kitchen;299.69
858;External SSD;Electronics;337.10
859;Computer Speakers;Electronics;44.33
861;Gaming Mouse Pad;Accessories;943.20
862;Rice Cooker;Home & Kitchen;365.71
863;Phone Grip;Accessories;248.46
864;Toaster Oven;Home & Kitchen;884.83
865;Laptop Stand;Accessories;655.51
866;Mechanical Keyboard;Electronics;275.98
867;Food Processor;Home & Kitchen;905.75
868;Monitor Stand;Furniture;876.14
869;Laptop Sleeve;Accessories;42.95
870;Wireless Mouse;Electronics;403.09
871;Power Strip;Electronics;538.26
872;Microphone;Electronics;376.48
873;Bookshelf;Furniture;975.52
874;Portable Charger;Accessories;278.86
875;Bluetooth Headphones;Electronics;476.77
876;Noise Cancelling Headset;Electronics;202.64
877;Smart Watch;Electronics;676.69
878;Cable Organizer;Accessories;711.97
879;Storage Containers;Home & Kitchen;269.61
880;Kitchen Blender;Home & Kitchen;250.16
881;Wall Clock;Home & Kitchen;353.79
883;WiFi Router;Electronics;369.04
884;Air Purifier;Home & Kitchen;897.15
885;Smartphone Case;Accessories;34.25
886;Standing Desk;Furniture;268.69
887;Throw Pillows;Home & Kitchen;692.69
888;Wireless Charger;Electronics;568.18
889;Wireless Presenter;Electronics;872.91
890;USB-C Hub;Electronics;735.34
891;Wireless Earbuds;Electronics;426.24
892;Electric Kettle;Home & Kitchen;327.91
893;Desk Organizer;Accessories;369.20
894;Screen Protector;Accessories;141.33
895;Desk Lamp;Home & Kitchen;153.47
896;4K Monitor;Electronics;590.45
897;Water Bottle;Home & Kitchen;459.68
898;File Cabinet;Furniture;461.79
899;Webcam HD;Electronics;395.30
900;Keyboard Wrist Rest;Accessories;709.67
901;Office Chair;Furniture;625.80
902;Coffee Maker;Home & Kitchen;773.69
903;Document Scanner;Electronics;564.90
904;Desk Mat;Accessories;187.29
905;Tablet Stand;Accessories;51.91
907;Bath Towels;Home & Kitchen;28.58
908;External SSD;Electronics;978.06
909;Computer Speakers;Electronics;309.12
910;Gaming Keyboard;Electronics;413.63
911;Gaming Mouse Pad;Accessories;36.92
912;Rice Cooker;Home & Kitchen;835.69
913;Phone Grip;Accessories;405.35
914;Toaster Oven;Home & Kitchen;963.53
915;Laptop Stand;Accessories;748.30
916;Mechanical Keyboard;Electronics;545.67
917;Food Processor;Home & Kitchen;147.23
918;Monitor Stand;Furniture;432.29
919;Laptop Sleeve;Accessories;270.97
920;Wireless Mouse;Electronics;768.30
921;Power Strip;Electronics;290.41
922;Microphone;Electronics;89.48
923;Bookshelf;Furniture;947.02
924;Portable Charger;Accessories;955.07
925;Bluetooth Headphones;Electronics;546.06
926;Noise Cancelling Headset;Electronics;852.33
927;Smart Watch;Electronics;615.63
928;Cable Organizer;Accessories;873.41
929;Storage Containers;Home & Kitchen;122.93
930;Kitchen Blender;Home & Kitchen;242.55
932;Storage Shelf;Furniture;537.14
933;WiFi Router;Electronics;274.55
934;Air Purifier;Home & Kitchen;997.18
935;Smartphone Case;Accessories;593.26
936;Standing Desk;Furniture;786.05
937;Throw Pillows;Home & Kitchen;108.59
938;Wireless Charger;Electronics;380.93
939;Wireless Presenter;Electronics;746.75
940;USB-C Hub;Electronics;950.82
941;Wireless Earbuds;Electronics;195.85
942;Electric Kettle;Home & Kitchen;705.39
943;Desk Organizer;Accessories;717.24
944;Screen Protector;Accessories;602.14
945;Desk Lamp;Home & Kitchen;931.22
946;4K Monitor;Electronics;252.94
947;Water Bottle;Home & Kitchen;782.17
948;File Cabinet;Furniture;767.29
949;Webcam HD;Electronics;456.91
950;Keyboard Wrist Rest;Accessories;43.83
951;Office Chair;Furniture;286.38
952;Coffee Maker;Home & Kitchen;868.59
953;Document Scanner;Electronics;168.99
954;Desk Mat;Accessories;969.94
955;Tablet Stand;Accessories;477.61
956;Drawer Unit;Furniture;554.38
957;Bath Towels;Home & Kitchen;236.89
958;External SSD;Electronics;725.55
959;Computer Speakers;Electronics;915.89
960;Gaming Keyboard;Electronics;794.71
961;Gaming Mouse Pad;Accessories;94.73
962;Rice Cooker;Home & Kitchen;954.97
963;Phone Grip;Accessories;290.96
964;Toaster Oven;Home & Kitchen;74.02
966;Mechanical Keyboard;Electronics;978.09
967;Food Processor;Home & Kitchen;186.21
968;Monitor Stand;Furniture;999.59
969;Laptop Sleeve;Accessories;169.03
970;Wireless Mouse;Electronics;690.62
971;Power Strip;Electronics;695.29
972;Microphone;Electronics;996.76
973;Bookshelf;Furniture;92.73
974;Portable Charger;Accessories;41.68
975;Bluetooth Headphones;Electronics;43.54
976;Noise Cancelling Headset;Electronics;744.79
977;Smart Watch;Electronics;930.80
978;Cable Organizer;Accessories;965.57
979;Storage Containers;Home & Kitchen;801.92
980;Kitchen Blender;Home & Kitchen;100.12
981;Wall Clock;Home & Kitchen;931.48
982;Storage Shelf;Furniture;267.23
983;WiFi Router;Electronics;668.77
984;Air Purifier;Home & Kitchen;257.34
985;Smartphone Case;Accessories;242.47
986;Standing Desk;Furniture;521.17
987;Throw Pillows;Home & Kitchen;430.63
988;Wireless Charger;Electronics;780.76
989;Wireless Presenter;Electronics;120.05
990;USB-C Hub;Electronics;324.25
991;Wireless Earbuds;Electronics;724.95
992;Electric Kettle;Home & Kitchen;428.31
993;Desk Organizer;Accessories;213.96
994;Screen Protector;Accessories;982.95
995;Desk Lamp;Home & Kitchen;202.99
996;4K Monitor;Electronics;205.43
997;Water Bottle;Home & Kitchen;864.32
998;File Cabinet;Furniture;826.71
999;Webcam HD;Electronics;965.15
1000;Keyboard Wrist Rest;Accessories;81.88
1001;Office Chair;Furniture;664.47
1002;Coffee Maker;Home & Kitchen;409.26
1003;Document Scanner;Electronics;733.48
1004;Desk Mat;Accessories;210.71
1005;Tablet Stand;Accessories;839.39
1006;Drawer Unit;Furniture;208.15
1007;Bath Towels;Home & Kitchen;42.02
1008;External SSD;Electronics;891.71
1009;Computer Speakers;Electronics;947.71
1010;Gaming Keyboard;Electronics;828.61
1011;Gaming Mouse Pad;Accessories;44.39
1012;Rice Cooker;Home & Kitchen;36.00
1013;Phone Grip;Accessories;718.16
1014;Toaster Oven;Home & Kitchen;289.76
1015;Laptop Stand;Accessories;938.28
1016;Mechanical Keyboard;Electronics;605.03
1017;Food Processor;Home & Kitchen;855.76
1018;Monitor Stand;Furniture;909.83
1019;Laptop Sleeve;Accessories;322.62
1020;Wireless Mouse;Electronics;269.25
1021;Power Strip;Electronics;657.13
1022;Microphone;Electronics;260.18
1023;Bookshelf;Furniture;816.61
1024;Portable Charger;Accessories;146.82
1025;Bluetooth Headphones;Electronics;661.38
1026;Noise Cancelling Headset;Electronics;510.48
1027;Smart Watch;Electronics;948.37
1028;Cable Organizer;Accessories;436.54
1029;Storage Containers;Home & Kitchen;346.65
1030;Kitchen Blender;Home & Kitchen;651.91
1031;Wall Clock;Home & Kitchen;459.99
1032;Storage Shelf;Furniture;680.43
1033;WiFi Router;Electronics;339.34
1034;Air Purifier;Home & Kitchen;944.73
1035;Smartphone Case;Accessories;692.84
1036;Standing Desk;Furniture;700.69
1037;Throw Pillows;Home & Kitchen;216.20
1038;Wireless Charger;Electronics;758.97
1039;Wireless Presenter;Electronics;85.61
1040;USB-C Hub;Electronics;282.19
1041;Wireless Earbuds;Electronics;60.63
1042;Electric Kettle;Home & Kitchen;154.16
1043;Desk Organizer;Accessories;284.47
1044;Screen Protector;Accessories;822.12
1045;Desk Lamp;Home & Kitchen;86.25
1046;4K Monitor;Electronics;689.20
1047;Water Bottle;Home & Kitchen;498.90
1048;File Cabinet;Furniture;684.26
1049;Webcam HD;Electronics;556.43
1050;Keyboard Wrist Rest;Accessories;666.27
1051;Office Chair;Furniture;393.80
1052;Coffee Maker;Home & Kitchen;159.90
1053;Document Scanner;Electronics;551.36
1054;Desk Mat;Accessories;622.60
1055;Tablet Stand;Accessories;45.31
1057;Bath Towels;Home & Kitchen;888.91
1058;External SSD;Electronics;699.63
1059;Computer Speakers;Electronics;78.75
1060;Gaming Keyboard;Electronics;400.13
1061;Gaming Mouse Pad;Accessories;310.06
1062;Rice Cooker;Home & Kitchen;765.28
1063;Phone Grip;Accessories;360.14
1064;Toaster Oven;Home & Kitchen;630.68
1065;Laptop Stand;Accessories;208.07
1066;Mechanical Keyboard;Electronics;523.60
1067;Food Processor;Home & Kitchen;564.21
1068;Monitor Stand;Furniture;130.70
1069;Laptop Sleeve;Accessories;227.11
1070;Wireless Mouse;Electronics;566.42
1071;Power Strip;Electronics;83.85
1072;Microphone;Electronics;337.73
1073;Bookshelf;Furniture;570.81
1074;Portable Charger;Accessories;733.12
1075;Bluetooth Headphones;Electronics;61.17
1076;Noise Cancelling Headset;Electronics;222.85
1077;Smart Watch;Electronics;756.29
1078;Cable Organizer;Accessories;594.90
1079;Storage Containers;Home & Kitchen;821.21
1080;Kitchen Blender;Home & Kitchen;224.35
1081;Wall Clock;Home & Kitchen;363.94
1082;Storage Shelf;Furniture;35.99
1084;Air Purifier;Home & Kitchen;464.12
1085;Smartphone Case;Accessories;503.29
1086;Standing Desk;Furniture;747.00
1087;Throw Pillows;Home & Kitchen;889.82
1088;Wireless Charger;Electronics;298.27
1089;Wireless Presenter;Electronics;512.52
1090;USB-C Hub;Electronics;378.11
1091;Wireless Earbuds;Electronics;330.44
1092;Electric Kettle;Home & Kitchen;359.63
1093;Desk Organizer;Accessories;331.83
1094;Screen Protector;Accessories;214.29
1095;Desk Lamp;Home & Kitchen;338.72
1096;4K Monitor;Electronics;681.70
1097;Water Bottle;Home & Kitchen;40.51
1098;File Cabinet;Furniture;794.54
1099;Webcam HD;Electronics;136.40
1100;Keyboard Wrist Rest;Accessories;308.02
1101;Office Chair;Furniture;749.89
1102;Coffee Maker;Home & Kitchen;957.86
1103;Document Scanner;Electronics;856.12
1104;Desk Mat;Accessories;129.46
1105;Tablet Stand;Accessories;28.95
1106;Drawer Unit;Furniture;674.61
1107;Bath Towels;Home & Kitchen;744.81
1108;External SSD;Electronics;761.84
1109;Computer Speakers;Electronics;344.94
1110;Gaming Keyboard;Electronics;620.02
1111;Gaming Mouse Pad;Accessories;295.47
1223;Bookshelf;Furniture;271.63
1112;Rice Cooker;Home & Kitchen;699.58
1113;Phone Grip;Accessories;261.74
1114;Toaster Oven;Home & Kitchen;781.27
1115;Laptop Stand;Accessories;261.24
1116;Mechanical Keyboard;Electronics;290.68
1117;Food Processor;Home & Kitchen;171.93
1118;Monitor Stand;Furniture;651.62
1119;Laptop Sleeve;Accessories;241.42
1120;Wireless Mouse;Electronics;872.01
1121;Power Strip;Electronics;177.16
1122;Microphone;Electronics;807.50
1123;Bookshelf;Furniture;421.51
1124;Portable Charger;Accessories;813.11
1125;Bluetooth Headphones;Electronics;113.24
1126;Noise Cancelling Headset;Electronics;375.65
1127;Smart Watch;Electronics;653.28
1128;Cable Organizer;Accessories;123.50
1129;Storage Containers;Home & Kitchen;691.53
1130;Kitchen Blender;Home & Kitchen;270.63
1131;Wall Clock;Home & Kitchen;385.74
1132;Storage Shelf;Furniture;791.28
1133;WiFi Router;Electronics;854.56
1134;Air Purifier;Home & Kitchen;857.10
1135;Smartphone Case;Accessories;801.68
1136;Standing Desk;Furniture;307.88
1137;Throw Pillows;Home & Kitchen;290.75
1138;Wireless Charger;Electronics;601.24
1139;Wireless Presenter;Electronics;295.84
1140;USB-C Hub;Electronics;207.43
1141;Wireless Earbuds;Electronics;150.71
1142;Electric Kettle;Home & Kitchen;203.15
1143;Desk Organizer;Accessories;58.20
1144;Screen Protector;Accessories;274.68
1145;Desk Lamp;Home & Kitchen;523.51
1146;4K Monitor;Electronics;471.95
1147;Water Bottle;Home & Kitchen;647.05
1148;File Cabinet;Furniture;780.38
1149;Webcam HD;Electronics;807.63
1150;Keyboard Wrist Rest;Accessories;627.45
1151;Office Chair;Furniture;95.87
1152;Coffee Maker;Home & Kitchen;469.44
1153;Document Scanner;Electronics;163.03
1154;Desk Mat;Accessories;595.51
1155;Tablet Stand;Accessories;578.36
1156;Drawer Unit;Furniture;391.59
1157;Bath Towels;Home & Kitchen;579.74
1158;External SSD;Electronics;402.37
1159;Computer Speakers;Electronics;436.09
1160;Gaming Keyboard;Electronics;717.37
1161;Gaming Mouse Pad;Accessories;411.57
1162;Rice Cooker;Home & Kitchen;318.41
1163;Phone Grip;Accessories;134.47
1164;Toaster Oven;Home & Kitchen;789.37
1165;Laptop Stand;Accessories;778.28
1166;Mechanical Keyboard;Electronics;487.48
1167;Food Processor;Home & Kitchen;419.49
1168;Monitor Stand;Furniture;991.36
1169;Laptop Sleeve;Accessories;735.70
1170;Wireless Mouse;Electronics;992.09
1171;Power Strip;Electronics;431.09
1172;Microphone;Electronics;610.49
1173;Bookshelf;Furniture;824.89
1174;Portable Charger;Accessories;478.44
1175;Bluetooth Headphones;Electronics;77.86
1176;Noise Cancelling Headset;Electronics;348.42
1177;Smart Watch;Electronics;392.30
1178;Cable Organizer;Accessories;708.99
1179;Storage Containers;Home & Kitchen;644.19
1180;Kitchen Blender;Home & Kitchen;128.02
1181;Wall Clock;Home & Kitchen;138.84
1182;Storage Shelf;Furniture;937.93
1183;WiFi Router;Electronics;642.47
1184;Air Purifier;Home & Kitchen;508.82
1185;Smartphone Case;Accessories;713.16
1186;Standing Desk;Furniture;416.91
1187;Throw Pillows;Home & Kitchen;740.73
1188;Wireless Charger;Electronics;972.74
1189;Wireless Presenter;Electronics;168.92
1190;USB-C Hub;Electronics;827.84
1191;Wireless Earbuds;Electronics;294.02
1192;Electric Kettle;Home & Kitchen;147.69
1193;Desk Organizer;Accessories;437.99
1194;Screen Protector;Accessories;879.50
1195;Desk Lamp;Home & Kitchen;686.64
1196;4K Monitor;Electronics;808.07
1197;Water Bottle;Home & Kitchen;574.88
1198;File Cabinet;Furniture;357.57
1199;Webcam HD;Electronics;626.81
1200;Keyboard Wrist Rest;Accessories;93.98
1201;Office Chair;Furniture;711.96
1202;Coffee Maker;Home & Kitchen;58.23
1203;Document Scanner;Electronics;262.19
1204;Desk Mat;Accessories;829.79
1205;Tablet Stand;Accessories;584.17
1206;Drawer Unit;Furniture;800.14
1207;Bath Towels;Home & Kitchen;24.84
1208;External SSD;Electronics;332.27
1209;Computer Speakers;Electronics;592.67
1210;Gaming Keyboard;Electronics;613.28
1211;Gaming Mouse Pad;Accessories;853.56
1212;Rice Cooker;Home & Kitchen;765.86
1213;Phone Grip;Accessories;248.81
1214;Toaster Oven;Home & Kitchen;828.46
1215;Laptop Stand;Accessories;933.38
1216;Mechanical Keyboard;Electronics;250.56
1217;Food Processor;Home & Kitchen;855.78
1218;Monitor Stand;Furniture;522.66
1219;Laptop Sleeve;Accessories;446.06
1220;Wireless Mouse;Electronics;160.69
1221;Power Strip;Electronics;283.11
1222;Microphone;Electronics;976.27
1224;Portable Charger;Accessories;579.24
1225;Bluetooth Headphones;Electronics;684.69
1226;Noise Cancelling Headset;Electronics;741.61
1227;Smart Watch;Electronics;748.32
1228;Cable Organizer;Accessories;382.80
1229;Storage Containers;Home & Kitchen;734.99
1230;Kitchen Blender;Home & Kitchen;136.81
1231;Wall Clock;Home & Kitchen;677.45
1232;Storage Shelf;Furniture;257.65
1233;WiFi Router;Electronics;858.06
1234;Air Purifier;Home & Kitchen;538.74
1235;Smartphone Case;Accessories;553.74
1236;Standing Desk;Furniture;656.43
1237;Throw Pillows;Home & Kitchen;319.18
1238;Wireless Charger;Electronics;387.74
1239;Wireless Presenter;Electronics;71.93
1240;USB-C Hub;Electronics;88.29
1241;Wireless Earbuds;Electronics;703.04
1242;Electric Kettle;Home & Kitchen;444.69
1243;Desk Organizer;Accessories;426.42
1244;Screen Protector;Accessories;587.34
1245;Desk Lamp;Home & Kitchen;102.08
1246;4K Monitor;Electronics;593.22
1247;Water Bottle;Home & Kitchen;257.78
1248;File Cabinet;Furniture;661.76
1249;Webcam HD;Electronics;132.79
1250;Keyboard Wrist Rest;Accessories;378.38
1251;Office Chair;Furniture;273.64
1252;Coffee Maker;Home & Kitchen;114.50
1253;Document Scanner;Electronics;889.20
1254;Desk Mat;Accessories;260.29
1255;Tablet Stand;Accessories;789.17
1256;Drawer Unit;Furniture;761.68
1257;Bath Towels;Home & Kitchen;102.40
1258;External SSD;Electronics;748.05
1259;Computer Speakers;Electronics;332.00
1260;Gaming Keyboard;Electronics;163.90
1261;Gaming Mouse Pad;Accessories;134.99
1262;Rice Cooker;Home & Kitchen;241.37
1263;Phone Grip;Accessories;187.45
1264;Toaster Oven;Home & Kitchen;742.44
1265;Laptop Stand;Accessories;650.91
1266;Mechanical Keyboard;Electronics;800.69
1267;Food Processor;Home & Kitchen;535.10
1268;Monitor Stand;Furniture;43.64
1269;Laptop Sleeve;Accessories;18.26
1270;Wireless Mouse;Electronics;475.59
1271;Power Strip;Electronics;999.92
1272;Microphone;Electronics;717.98
1273;Bookshelf;Furniture;350.59
1274;Portable Charger;Accessories;573.83
1275;Bluetooth Headphones;Electronics;459.34
1276;Noise Cancelling Headset;Electronics;711.40
1277;Smart Watch;Electronics;389.00
1278;Cable Organizer;Accessories;60.12
1279;Storage Containers;Home & Kitchen;746.09
1280;Kitchen Blender;Home & Kitchen;843.91
1281;Wall Clock;Home & Kitchen;866.06
1282;Storage Shelf;Furniture;74.41
1283;WiFi Router;Electronics;821.52
1284;Air Purifier;Home & Kitchen;316.99
1285;Smartphone Case;Accessories;397.01
1286;Standing Desk;Furniture;44.90
1287;Throw Pillows;Home & Kitchen;189.06
1288;Wireless Charger;Electronics;519.91
1289;Wireless Presenter;Electronics;593.32
1290;USB-C Hub;Electronics;202.85
1291;Wireless Earbuds;Electronics;24.92
1292;Electric Kettle;Home & Kitchen;347.31
1293;Desk Organizer;Accessories;140.81
1294;Screen Protector;Accessories;83.58
1295;Desk Lamp;Home & Kitchen;750.76
1296;4K Monitor;Electronics;643.91
1297;Water Bottle;Home & Kitchen;955.03
1298;File Cabinet;Furniture;933.83
1299;Webcam HD;Electronics;686.28
1300;Keyboard Wrist Rest;Accessories;890.66
1301;Office Chair;Furniture;539.05
1302;Coffee Maker;Home & Kitchen;636.56
1303;Document Scanner;Electronics;33.57
1304;Desk Mat;Accessories;187.08
1305;Tablet Stand;Accessories;731.35
1306;Drawer Unit;Furniture;530.42
1307;Bath Towels;Home & Kitchen;491.19
1308;External SSD;Electronics;428.21
1309;Computer Speakers;Electronics;398.37
1310;Gaming Keyboard;Electronics;395.41
1311;Gaming Mouse Pad;Accessories;381.13
1312;Rice Cooker;Home & Kitchen;912.16
1313;Phone Grip;Accessories;774.81
1314;Toaster Oven;Home & Kitchen;92.56
1315;Laptop Stand;Accessories;905.83
1316;Mechanical Keyboard;Electronics;128.12
1317;Food Processor;Home & Kitchen;462.14
1318;Monitor Stand;Furniture;975.04
1319;Laptop Sleeve;Accessories;413.24
1320;Wireless Mouse;Electronics;762.64
1321;Power Strip;Electronics;55.66
1322;Microphone;Electronics;857.60
1323;Bookshelf;Furniture;591.16
1324;Portable Charger;Accessories;507.92
1325;Bluetooth Headphones;Electronics;867.30
1326;Noise Cancelling Headset;Electronics;829.16
1327;Smart Watch;Electronics;844.66
1328;Cable Organizer;Accessories;94.81
1329;Storage Containers;Home & Kitchen;759.26
1330;Kitchen Blender;Home & Kitchen;659.03
1331;Wall Clock;Home & Kitchen;670.63
1332;Storage Shelf;Furniture;555.58
1333;WiFi Router;Electronics;334.58
1334;Air Purifier;Home & Kitchen;618.53
1335;Smartphone Case;Accessories;204.11
1336;Standing Desk;Furniture;906.47
1337;Throw Pillows;Home & Kitchen;576.63
1338;Wireless Charger;Electronics;831.29
1339;Wireless Presenter;Electronics;38.96
1340;USB-C Hub;Electronics;179.21
1341;Wireless Earbuds;Electronics;926.71
1342;Electric Kettle;Home & Kitchen;658.13
1343;Desk Organizer;Accessories;252.89
1344;Screen Protector;Accessories;798.20
1345;Desk Lamp;Home & Kitchen;994.41
1346;4K Monitor;Electronics;46.96
1347;Water Bottle;Home & Kitchen;832.02
1348;File Cabinet;Furniture;743.85
1349;Webcam HD;Electronics;433.54
1350;Keyboard Wrist Rest;Accessories;880.89
1351;Office Chair;Furniture;635.32
1352;Coffee Maker;Home & Kitchen;734.23
1353;Document Scanner;Electronics;201.45
1354;Desk Mat;Accessories;990.61
1355;Tablet Stand;Accessories;835.36
1356;Drawer Unit;Furniture;681.13
1357;Bath Towels;Home & Kitchen;594.01
1358;External SSD;Electronics;807.77
1359;Computer Speakers;Electronics;664.32
1360;Gaming Keyboard;Electronics;749.73
1361;Gaming Mouse Pad;Accessories;258.49
1362;Rice Cooker;Home & Kitchen;191.26
1363;Phone Grip;Accessories;893.32
1364;Toaster Oven;Home & Kitchen;525.95
1365;Laptop Stand;Accessories;239.68
1366;Mechanical Keyboard;Electronics;696.52
1367;Food Processor;Home & Kitchen;726.93
1368;Monitor Stand;Furniture;670.62
1369;Laptop Sleeve;Accessories;786.66
1370;Wireless Mouse;Electronics;845.94
1371;Power Strip;Electronics;231.34
1372;Microphone;Electronics;828.23
1373;Bookshelf;Furniture;625.66
1374;Portable Charger;Accessories;651.22
1375;Bluetooth Headphones;Electronics;473.65
1376;Noise Cancelling Headset;Electronics;734.58
1377;Smart Watch;Electronics;549.43
1378;Cable Organizer;Accessories;462.11
1379;Storage Containers;Home & Kitchen;774.84
1380;Kitchen Blender;Home & Kitchen;122.48
1381;Wall Clock;Home & Kitchen;909.54
1382;Storage Shelf;Furniture;960.83
1383;WiFi Router;Electronics;361.39
1384;Air Purifier;Home & Kitchen;177.18
1385;Smartphone Case;Accessories;249.72
1386;Standing Desk;Furniture;464.46
1387;Throw Pillows;Home & Kitchen;125.63
1388;Wireless Charger;Electronics;19.38
1389;Wireless Presenter;Electronics;287.91
1390;USB-C Hub;Electronics;112.83
1391;Wireless Earbuds;Electronics;406.68
1392;Electric Kettle;Home & Kitchen;662.85
1393;Desk Organizer;Accessories;134.07
1394;Screen Protector;Accessories;635.50
1395;Desk Lamp;Home & Kitchen;440.60
1396;4K Monitor;Electronics;577.64
1397;Water Bottle;Home & Kitchen;485.79
1398;File Cabinet;Furniture;423.19
1399;Webcam HD;Electronics;857.12
1400;Keyboard Wrist Rest;Accessories;172.14
1401;Office Chair;Furniture;518.42
1402;Coffee Maker;Home & Kitchen;393.95
1403;Document Scanner;Electronics;500.31
1404;Desk Mat;Accessories;132.88
1405;Tablet Stand;Accessories;350.75
1406;Drawer Unit;Furniture;31.87
1407;Bath Towels;Home & Kitchen;349.46
1408;External SSD;Electronics;222.83
1409;Computer Speakers;Electronics;885.70
1410;Gaming Keyboard;Electronics;590.79
1411;Gaming Mouse Pad;Accessories;153.45
1412;Rice Cooker;Home & Kitchen;787.76
1413;Phone Grip;Accessories;962.29
1414;Toaster Oven;Home & Kitchen;73.74
1415;Laptop Stand;Accessories;661.40
1416;Mechanical Keyboard;Electronics;868.78
1417;Food Processor;Home & Kitchen;820.13
1418;Monitor Stand;Furniture;368.87
1419;Laptop Sleeve;Accessories;908.95
1420;Wireless Mouse;Electronics;33.29
1421;Power Strip;Electronics;687.67
1422;Microphone;Electronics;346.15
1423;Bookshelf;Furniture;72.29
1424;Portable Charger;Accessories;985.24
1425;Bluetooth Headphones;Electronics;539.14
1426;Noise Cancelling Headset;Electronics;213.84
1427;Smart Watch;Electronics;495.83
1428;Cable Organizer;Accessories;777.82
1429;Storage Containers;Home & Kitchen;977.03
1430;Kitchen Blender;Home & Kitchen;129.82
1431;Wall Clock;Home & Kitchen;500.98
1432;Storage Shelf;Furniture;373.57
1433;WiFi Router;Electronics;969.29
1434;Air Purifier;Home & Kitchen;508.69
1435;Smartphone Case;Accessories;265.17
1436;Standing Desk;Furniture;811.35
1437;Throw Pillows;Home & Kitchen;204.40
1438;Wireless Charger;Electronics;645.75
1439;Wireless Presenter;Electronics;779.38
1440;USB-C Hub;Electronics;195.21
1441;Wireless Earbuds;Electronics;850.01
1442;Electric Kettle;Home & Kitchen;645.05
1443;Desk Organizer;Accessories;362.74
1444;Screen Protector;Accessories;247.77
1445;Desk Lamp;Home & Kitchen;336.04
1446;4K Monitor;Electronics;528.51
1447;Water Bottle;Home & Kitchen;799.48
1448;File Cabinet;Furniture;720.71
1449;Webcam HD;Electronics;440.11
1450;Keyboard Wrist Rest;Accessories;239.34
1451;Office Chair;Furniture;421.10
1452;Coffee Maker;Home & Kitchen;706.59
1453;Document Scanner;Electronics;506.93
1454;Desk Mat;Accessories;172.51
1455;Tablet Stand;Accessories;466.76
1456;Drawer Unit;Furniture;878.19
1457;Bath Towels;Home & Kitchen;580.17
1458;External SSD;Electronics;21.14
1459;Computer Speakers;Electronics;218.40
1460;Gaming Keyboard;Electronics;278.20
1461;Gaming Mouse Pad;Accessories;587.62
1462;Rice Cooker;Home & Kitchen;590.44
1463;Phone Grip;Accessories;889.07
1464;Toaster Oven;Home & Kitchen;916.45
1465;Laptop Stand;Accessories;678.00
1466;Mechanical Keyboard;Electronics;671.34
1467;Food Processor;Home & Kitchen;777.20
1468;Monitor Stand;Furniture;969.67
1469;Laptop Sleeve;Accessories;797.81
1470;Wireless Mouse;Electronics;572.32
1471;Power Strip;Electronics;676.14
1472;Microphone;Electronics;81.32
1473;Bookshelf;Furniture;491.70
1474;Portable Charger;Accessories;485.42
1475;Bluetooth Headphones;Electronics;945.02
1476;Noise Cancelling Headset;Electronics;162.89
1477;Smart Watch;Electronics;905.55
1478;Cable Organizer;Accessories;120.06
1479;Storage Containers;Home & Kitchen;482.98
1480;Kitchen Blender;Home & Kitchen;853.68
1481;Wall Clock;Home & Kitchen;115.52
1482;Storage Shelf;Furniture;456.93
1483;WiFi Router;Electronics;717.61
1485;Smartphone Case;Accessories;942.39
1486;Standing Desk;Furniture;440.74
1487;Throw Pillows;Home & Kitchen;386.76
1488;Wireless Charger;Electronics;477.67
1489;Wireless Presenter;Electronics;604.09
1490;USB-C Hub;Electronics;661.55
1491;Wireless Earbuds;Electronics;54.02
1492;Electric Kettle;Home & Kitchen;669.66
1493;Desk Organizer;Accessories;346.19
1494;Screen Protector;Accessories;452.46
1495;Desk Lamp;Home & Kitchen;672.61
1496;4K Monitor;Electronics;181.87
1497;Water Bottle;Home & Kitchen;822.76
1498;File Cabinet;Furniture;536.06
1499;Webcam HD;Electronics;271.16
1500;Keyboard Wrist Rest;Accessories;496.36
1501;Office Chair;Furniture;295.17
1502;Coffee Maker;Home & Kitchen;468.67
1503;Document Scanner;Electronics;502.14
1504;Desk Mat;Accessories;860.57
1505;Tablet Stand;Accessories;409.19
1506;Drawer Unit;Furniture;949.99
1507;Bath Towels;Home & Kitchen;182.05
1508;External SSD;Electronics;265.45
1509;Computer Speakers;Electronics;158.00
1510;Gaming Keyboard;Electronics;316.32
1511;Gaming Mouse Pad;Accessories;632.06
1512;Rice Cooker;Home & Kitchen;884.16
1513;Phone Grip;Accessories;607.51
1514;Toaster Oven;Home & Kitchen;305.17
1515;Laptop Stand;Accessories;761.55
1516;Mechanical Keyboard;Electronics;467.94
1517;Food Processor;Home & Kitchen;615.49
1518;Monitor Stand;Furniture;234.46
1519;Laptop Sleeve;Accessories;820.14
1520;Wireless Mouse;Electronics;929.63
1521;Power Strip;Electronics;611.60
1522;Microphone;Electronics;0.20
1523;Bookshelf;Furniture;373.51
1524;Portable Charger;Accessories;214.56
1525;Bluetooth Headphones;Electronics;299.39
1526;Noise Cancelling Headset;Electronics;593.57
1527;Smart Watch;Electronics;406.88
1528;Cable Organizer;Accessories;346.57
1529;Storage Containers;Home & Kitchen;90.12
1530;Kitchen Blender;Home & Kitchen;237.68
1531;Wall Clock;Home & Kitchen;588.87
1532;Storage Shelf;Furniture;558.90
1533;WiFi Router;Electronics;143.49
1534;Air Purifier;Home & Kitchen;753.96
1535;Smartphone Case;Accessories;618.44
1536;Standing Desk;Furniture;167.91
1537;Throw Pillows;Home & Kitchen;328.92
1538;Wireless Charger;Electronics;354.69
1539;Wireless Presenter;Electronics;607.11
1540;USB-C Hub;Electronics;674.55
1541;Wireless Earbuds;Electronics;160.17
1542;Electric Kettle;Home & Kitchen;911.73
1543;Desk Organizer;Accessories;829.20
1544;Screen Protector;Accessories;885.73
1545;Desk Lamp;Home & Kitchen;742.85
1546;4K Monitor;Electronics;618.32
1547;Water Bottle;Home & Kitchen;558.15
1548;File Cabinet;Furniture;486.95
1549;Webcam HD;Electronics;731.93
1550;Keyboard Wrist Rest;Accessories;118.11
1551;Office Chair;Furniture;369.74
1552;Coffee Maker;Home & Kitchen;521.39
1553;Document Scanner;Electronics;191.93
1554;Desk Mat;Accessories;529.03
1555;Tablet Stand;Accessories;53.57
1556;Drawer Unit;Furniture;159.05
1557;Bath Towels;Home & Kitchen;425.32
1558;External SSD;Electronics;92.31
1559;Computer Speakers;Electronics;978.59
1560;Gaming Keyboard;Electronics;664.51
1561;Gaming Mouse Pad;Accessories;143.35
1562;Rice Cooker;Home & Kitchen;617.70
1563;Phone Grip;Accessories;692.96
1564;Toaster Oven;Home & Kitchen;694.44
1566;Mechanical Keyboard;Electronics;620.61
1567;Food Processor;Home & Kitchen;644.55
1568;Monitor Stand;Furniture;697.67
1569;Laptop Sleeve;Accessories;156.87
1570;Wireless Mouse;Electronics;291.35
1571;Power Strip;Electronics;545.11
1572;Microphone;Electronics;988.45
1573;Bookshelf;Furniture;692.49
1574;Portable Charger;Accessories;749.51
1575;Bluetooth Headphones;Electronics;520.40
1576;Noise Cancelling Headset;Electronics;532.98
1577;Smart Watch;Electronics;286.12
1578;Cable Organizer;Accessories;669.51
1579;Storage Containers;Home & Kitchen;217.58
1580;Kitchen Blender;Home & Kitchen;375.75
1582;Storage Shelf;Furniture;796.99
1583;WiFi Router;Electronics;91.63
1584;Air Purifier;Home & Kitchen;433.98
1585;Smartphone Case;Accessories;475.12
1586;Standing Desk;Furniture;824.26
1587;Throw Pillows;Home & Kitchen;655.06
1588;Wireless Charger;Electronics;568.02
1589;Wireless Presenter;Electronics;165.99
1590;USB-C Hub;Electronics;730.99
1591;Wireless Earbuds;Electronics;906.27
1592;Electric Kettle;Home & Kitchen;988.04
1593;Desk Organizer;Accessories;110.62
1594;Screen Protector;Accessories;565.39
1595;Desk Lamp;Home & Kitchen;996.70
1596;4K Monitor;Electronics;368.76
1597;Water Bottle;Home & Kitchen;276.32
1598;File Cabinet;Furniture;190.94
1599;Webcam HD;Electronics;731.08
1600;Keyboard Wrist Rest;Accessories;674.29
1601;Office Chair;Furniture;122.19
1602;Coffee Maker;Home & Kitchen;589.10
1603;Document Scanner;Electronics;744.01
1604;Desk Mat;Accessories;372.17
1605;Tablet Stand;Accessories;420.28
1606;Drawer Unit;Furniture;559.29
1607;Bath Towels;Home & Kitchen;833.50
1608;External SSD;Electronics;758.20
1609;Computer Speakers;Electronics;659.14
1610;Gaming Keyboard;Electronics;402.10
1611;Gaming Mouse Pad;Accessories;786.14
1612;Rice Cooker;Home & Kitchen;218.22
1613;Phone Grip;Accessories;292.18
1614;Toaster Oven;Home & Kitchen;888.91
1615;Laptop Stand;Accessories;410.34
1616;Mechanical Keyboard;Electronics;38.61
1617;Food Processor;Home & Kitchen;638.64
1618;Monitor Stand;Furniture;252.59
1619;Laptop Sleeve;Accessories;83.37
1620;Wireless Mouse;Electronics;330.67
1621;Power Strip;Electronics;936.00
1622;Microphone;Electronics;54.80
1623;Bookshelf;Furniture;920.23
1624;Portable Charger;Accessories;637.24
1625;Bluetooth Headphones;Electronics;179.41
1626;Noise Cancelling Headset;Electronics;832.58
1627;Smart Watch;Electronics;344.76
1628;Cable Organizer;Accessories;477.47
1629;Storage Containers;Home & Kitchen;398.63
1630;Kitchen Blender;Home & Kitchen;412.27
1631;Wall Clock;Home & Kitchen;525.97
1632;Storage Shelf;Furniture;617.99
1633;WiFi Router;Electronics;854.60
1634;Air Purifier;Home & Kitchen;72.33
1635;Smartphone Case;Accessories;175.87
1636;Standing Desk;Furniture;707.59
1637;Throw Pillows;Home & Kitchen;840.41
1638;Wireless Charger;Electronics;955.14
1639;Wireless Presenter;Electronics;845.59
1640;USB-C Hub;Electronics;548.00
1641;Wireless Earbuds;Electronics;521.14
1642;Electric Kettle;Home & Kitchen;625.40
1643;Desk Organizer;Accessories;438.24
1644;Screen Protector;Accessories;219.05
1645;Desk Lamp;Home & Kitchen;739.75
1646;4K Monitor;Electronics;716.20
1647;Water Bottle;Home & Kitchen;897.73
1648;File Cabinet;Furniture;532.25
1649;Webcam HD;Electronics;564.84
1650;Keyboard Wrist Rest;Accessories;92.26
1651;Office Chair;Furniture;893.05
1652;Coffee Maker;Home & Kitchen;729.35
1653;Document Scanner;Electronics;680.94
1654;Desk Mat;Accessories;467.49
1655;Tablet Stand;Accessories;875.52
1656;Drawer Unit;Furniture;952.12
1657;Bath Towels;Home & Kitchen;430.70
1658;External SSD;Electronics;216.24
1659;Computer Speakers;Electronics;829.69
1660;Gaming Keyboard;Electronics;892.35
1661;Gaming Mouse Pad;Accessories;921.71
1662;Rice Cooker;Home & Kitchen;747.40
1663;Phone Grip;Accessories;342.92
1665;Laptop Stand;Accessories;38.88
1666;Mechanical Keyboard;Electronics;419.64
1667;Food Processor;Home & Kitchen;172.24
1668;Monitor Stand;Furniture;143.30
1669;Laptop Sleeve;Accessories;451.34
1670;Wireless Mouse;Electronics;543.31
1671;Power Strip;Electronics;725.19
1672;Microphone;Electronics;675.58
1673;Bookshelf;Furniture;613.75
1674;Portable Charger;Accessories;859.98
1675;Bluetooth Headphones;Electronics;465.78
1676;Noise Cancelling Headset;Electronics;122.60
1677;Smart Watch;Electronics;368.86
1678;Cable Organizer;Accessories;658.23
1679;Storage Containers;Home & Kitchen;857.01
1680;Kitchen Blender;Home & Kitchen;146.79
1681;Wall Clock;Home & Kitchen;359.69
1682;Storage Shelf;Furniture;358.01
1683;WiFi Router;Electronics;200.67
1684;Air Purifier;Home & Kitchen;347.87
1685;Smartphone Case;Accessories;321.71
1686;Standing Desk;Furniture;89.98
1687;Throw Pillows;Home & Kitchen;13.68
1688;Wireless Charger;Electronics;539.58
1689;Wireless Presenter;Electronics;841.74
1690;USB-C Hub;Electronics;963.77
1691;Wireless Earbuds;Electronics;121.52
1692;Electric Kettle;Home & Kitchen;174.28
1693;Desk Organizer;Accessories;116.93
1694;Screen Protector;Accessories;715.23
1695;Desk Lamp;Home & Kitchen;940.82
1697;Water Bottle;Home & Kitchen;315.03
1698;File Cabinet;Furniture;922.47
1699;Webcam HD;Electronics;193.50
1700;Keyboard Wrist Rest;Accessories;177.82
1701;Office Chair;Furniture;714.52
1702;Coffee Maker;Home & Kitchen;113.80
1703;Document Scanner;Electronics;44.36
1704;Desk Mat;Accessories;787.14
1705;Tablet Stand;Accessories;896.27
1706;Drawer Unit;Furniture;249.89
1707;Bath Towels;Home & Kitchen;750.85
1708;External SSD;Electronics;104.71
1709;Computer Speakers;Electronics;384.19
1710;Gaming Keyboard;Electronics;755.21
1711;Gaming Mouse Pad;Accessories;15.39
1712;Rice Cooker;Home & Kitchen;550.09
1713;Phone Grip;Accessories;153.78
1714;Toaster Oven;Home & Kitchen;72.73
1715;Laptop Stand;Accessories;876.36
1716;Mechanical Keyboard;Electronics;500.04
1717;Food Processor;Home & Kitchen;992.50
1718;Monitor Stand;Furniture;106.21
1719;Laptop Sleeve;Accessories;293.57
1720;Wireless Mouse;Electronics;508.03
1721;Power Strip;Electronics;855.71
1722;Microphone;Electronics;613.03
1723;Bookshelf;Furniture;363.18
1724;Portable Charger;Accessories;413.11
1725;Bluetooth Headphones;Electronics;317.39
1726;Noise Cancelling Headset;Electronics;365.55
1727;Smart Watch;Electronics;561.37
1728;Cable Organizer;Accessories;454.09
1729;Storage Containers;Home & Kitchen;869.27
1730;Kitchen Blender;Home & Kitchen;347.25
1731;Wall Clock;Home & Kitchen;671.19
1732;Storage Shelf;Furniture;563.82
1733;WiFi Router;Electronics;733.41
1734;Air Purifier;Home & Kitchen;112.72
1735;Smartphone Case;Accessories;591.37
1736;Standing Desk;Furniture;619.88
1737;Throw Pillows;Home & Kitchen;37.49
1738;Wireless Charger;Electronics;18.98
1739;Wireless Presenter;Electronics;429.19
1740;USB-C Hub;Electronics;442.76
1741;Wireless Earbuds;Electronics;404.61
1742;Electric Kettle;Home & Kitchen;278.08
1743;Desk Organizer;Accessories;498.63
1744;Screen Protector;Accessories;910.74
1745;Desk Lamp;Home & Kitchen;352.55
1746;4K Monitor;Electronics;317.89
1747;Water Bottle;Home & Kitchen;703.94
1748;File Cabinet;Furniture;761.46
1749;Webcam HD;Electronics;383.25
1750;Keyboard Wrist Rest;Accessories;708.39
1751;Office Chair;Furniture;255.39
1752;Coffee Maker;Home & Kitchen;363.70
1753;Document Scanner;Electronics;457.35
1754;Desk Mat;Accessories;291.07
1755;Tablet Stand;Accessories;307.48
1756;Drawer Unit;Furniture;842.55
1757;Bath Towels;Home & Kitchen;843.85
1758;External SSD;Electronics;984.39
1759;Computer Speakers;Electronics;854.20
1760;Gaming Keyboard;Electronics;609.74
1761;Gaming Mouse Pad;Accessories;536.87
1762;Rice Cooker;Home & Kitchen;824.89
1763;Phone Grip;Accessories;748.13
1764;Toaster Oven;Home & Kitchen;14.19
1765;Laptop Stand;Accessories;865.65
1766;Mechanical Keyboard;Electronics;173.09
1767;Food Processor;Home & Kitchen;554.81
1768;Monitor Stand;Furniture;31.79
1769;Laptop Sleeve;Accessories;66.59
1770;Wireless Mouse;Electronics;61.09
1771;Power Strip;Electronics;829.68
1772;Microphone;Electronics;930.91
1773;Bookshelf;Furniture;332.49
1774;Portable Charger;Accessories;561.37
1775;Bluetooth Headphones;Electronics;362.33
1776;Noise Cancelling Headset;Electronics;429.95
1777;Smart Watch;Electronics;61.06
1778;Cable Organizer;Accessories;419.71
1780;Kitchen Blender;Home & Kitchen;887.56
1781;Wall Clock;Home & Kitchen;633.94
1782;Storage Shelf;Furniture;995.04
1783;WiFi Router;Electronics;748.82
1784;Air Purifier;Home & Kitchen;56.39
1785;Smartphone Case;Accessories;494.24
1786;Standing Desk;Furniture;635.35
1787;Throw Pillows;Home & Kitchen;703.85
1788;Wireless Charger;Electronics;843.87
1789;Wireless Presenter;Electronics;68.63
1790;USB-C Hub;Electronics;276.39
1791;Wireless Earbuds;Electronics;804.68
1792;Electric Kettle;Home & Kitchen;829.03
1793;Desk Organizer;Accessories;389.92
1794;Screen Protector;Accessories;992.64
1795;Desk Lamp;Home & Kitchen;165.67
1796;4K Monitor;Electronics;696.05
1797;Water Bottle;Home & Kitchen;777.47
1798;File Cabinet;Furniture;59.58
1799;Webcam HD;Electronics;805.53
1800;Keyboard Wrist Rest;Accessories;464.79
1801;Office Chair;Furniture;235.61
1802;Coffee Maker;Home & Kitchen;751.56
1803;Document Scanner;Electronics;319.52
1805;Tablet Stand;Accessories;891.68
1806;Drawer Unit;Furniture;347.67
1807;Bath Towels;Home & Kitchen;998.67
1808;External SSD;Electronics;769.62
1809;Computer Speakers;Electronics;561.73
1810;Gaming Keyboard;Electronics;296.57
1811;Gaming Mouse Pad;Accessories;523.67
1812;Rice Cooker;Home & Kitchen;842.29
1813;Phone Grip;Accessories;722.90
1814;Toaster Oven;Home & Kitchen;586.95
1815;Laptop Stand;Accessories;181.14
1816;Mechanical Keyboard;Electronics;889.90
1817;Food Processor;Home & Kitchen;167.90
1818;Monitor Stand;Furniture;381.81
1819;Laptop Sleeve;Accessories;579.62
1820;Wireless Mouse;Electronics;223.51
1821;Power Strip;Electronics;172.46
1822;Microphone;Electronics;275.74
1823;Bookshelf;Furniture;997.85
1824;Portable Charger;Accessories;827.78
1825;Bluetooth Headphones;Electronics;565.57
1826;Noise Cancelling Headset;Electronics;608.78
1827;Smart Watch;Electronics;807.83
1828;Cable Organizer;Accessories;43.45
1829;Storage Containers;Home & Kitchen;833.36
1830;Kitchen Blender;Home & Kitchen;127.14
1831;Wall Clock;Home & Kitchen;198.49
1832;Storage Shelf;Furniture;249.14
1833;WiFi Router;Electronics;227.77
1834;Air Purifier;Home & Kitchen;804.37
1835;Smartphone Case;Accessories;704.58
1836;Standing Desk;Furniture;116.46
1837;Throw Pillows;Home & Kitchen;169.66
1838;Wireless Charger;Electronics;650.45
1839;Wireless Presenter;Electronics;336.09
1840;USB-C Hub;Electronics;342.62
1841;Wireless Earbuds;Electronics;445.80
1842;Electric Kettle;Home & Kitchen;714.38
1843;Desk Organizer;Accessories;519.30
1844;Screen Protector;Accessories;649.92
1845;Desk Lamp;Home & Kitchen;913.07
1846;4K Monitor;Electronics;300.04
1847;Water Bottle;Home & Kitchen;374.56
1848;File Cabinet;Furniture;722.31
1849;Webcam HD;Electronics;129.37
1850;Keyboard Wrist Rest;Accessories;663.19
1851;Office Chair;Furniture;315.93
1852;Coffee Maker;Home & Kitchen;868.89
1853;Document Scanner;Electronics;753.09
1854;Desk Mat;Accessories;969.80
1855;Tablet Stand;Accessories;793.09
1856;Drawer Unit;Furniture;275.73
1857;Bath Towels;Home & Kitchen;766.67
1858;External SSD;Electronics;979.81
1859;Computer Speakers;Electronics;677.68
1860;Gaming Keyboard;Electronics;999.42
1861;Gaming Mouse Pad;Accessories;371.49
1862;Rice Cooker;Home & Kitchen;190.19
1863;Phone Grip;Accessories;207.06
1864;Toaster Oven;Home & Kitchen;205.31
1865;Laptop Stand;Accessories;836.31
1866;Mechanical Keyboard;Electronics;438.37
1867;Food Processor;Home & Kitchen;136.67
1868;Monitor Stand;Furniture;771.04
1869;Laptop Sleeve;Accessories;394.37
1870;Wireless Mouse;Electronics;765.71
1871;Power Strip;Electronics;181.38
1872;Microphone;Electronics;187.77
1873;Bookshelf;Furniture;380.33
1874;Portable Charger;Accessories;855.40
1875;Bluetooth Headphones;Electronics;589.76
1876;Noise Cancelling Headset;Electronics;220.81
1877;Smart Watch;Electronics;163.61
1878;Cable Organizer;Accessories;621.88
1879;Storage Containers;Home & Kitchen;313.23
1880;Kitchen Blender;Home & Kitchen;856.78
1881;Wall Clock;Home & Kitchen;341.45
1882;Storage Shelf;Furniture;977.71
1883;WiFi Router;Electronics;557.59
1884;Air Purifier;Home & Kitchen;388.23
1885;Smartphone Case;Accessories;117.20
1886;Standing Desk;Furniture;204.79
1887;Throw Pillows;Home & Kitchen;906.41
1888;Wireless Charger;Electronics;960.54
1889;Wireless Presenter;Electronics;282.90
1890;USB-C Hub;Electronics;933.48
1891;Wireless Earbuds;Electronics;142.30
1892;Electric Kettle;Home & Kitchen;580.79
1893;Desk Organizer;Accessories;846.25
1894;Screen Protector;Accessories;91.81
1895;Desk Lamp;Home & Kitchen;131.87
1896;4K Monitor;Electronics;389.19
1897;Water Bottle;Home & Kitchen;196.98
1898;File Cabinet;Furniture;210.09
1899;Webcam HD;Electronics;482.63
1900;Keyboard Wrist Rest;Accessories;804.09
1901;Office Chair;Furniture;641.74
1902;Coffee Maker;Home & Kitchen;87.78
1903;Document Scanner;Electronics;118.69
1904;Desk Mat;Accessories;749.31
1905;Tablet Stand;Accessories;116.82
1906;Drawer Unit;Furniture;205.20
1907;Bath Towels;Home & Kitchen;268.52
1908;External SSD;Electronics;387.52
1909;Computer Speakers;Electronics;598.77
1910;Gaming Keyboard;Electronics;599.83
1911;Gaming Mouse Pad;Accessories;524.69
1912;Rice Cooker;Home & Kitchen;934.88
1913;Phone Grip;Accessories;433.77
1914;Toaster Oven;Home & Kitchen;448.27
1915;Laptop Stand;Accessories;740.24
1916;Mechanical Keyboard;Electronics;517.93
1917;Food Processor;Home & Kitchen;143.47
1918;Monitor Stand;Furniture;739.43
1919;Laptop Sleeve;Accessories;73.23
1920;Wireless Mouse;Electronics;397.75
1921;Power Strip;Electronics;528.04
1922;Microphone;Electronics;144.50
1923;Bookshelf;Furniture;29.94
1924;Portable Charger;Accessories;812.94
1925;Bluetooth Headphones;Electronics;906.34
1926;Noise Cancelling Headset;Electronics;830.82
1927;Smart Watch;Electronics;846.79
1928;Cable Organizer;Accessories;269.42
1929;Storage Containers;Home & Kitchen;598.49
1930;Kitchen Blender;Home & Kitchen;880.17
1931;Wall Clock;Home & Kitchen;731.03
1932;Storage Shelf;Furniture;401.69
1933;WiFi Router;Electronics;77.63
1934;Air Purifier;Home & Kitchen;413.16
1935;Smartphone Case;Accessories;279.71
1936;Standing Desk;Furniture;195.32
1937;Throw Pillows;Home & Kitchen;755.95
1938;Wireless Charger;Electronics;722.11
1939;Wireless Presenter;Electronics;251.24
1940;USB-C Hub;Electronics;101.45
1941;Wireless Earbuds;Electronics;32.83
1942;Electric Kettle;Home & Kitchen;244.58
1943;Desk Organizer;Accessories;992.24
1944;Screen Protector;Accessories;612.28
1945;Desk Lamp;Home & Kitchen;142.06
1946;4K Monitor;Electronics;645.67
1947;Water Bottle;Home & Kitchen;682.26
1948;File Cabinet;Furniture;591.23
1949;Webcam HD;Electronics;424.57
1950;Keyboard Wrist Rest;Accessories;854.96
1951;Office Chair;Furniture;451.84
1952;Coffee Maker;Home & Kitchen;774.92
1953;Document Scanner;Electronics;394.86
1954;Desk Mat;Accessories;438.57
1955;Tablet Stand;Accessories;971.32
1956;Drawer Unit;Furniture;383.66
1957;Bath Towels;Home & Kitchen;644.10
1958;External SSD;Electronics;180.06
1959;Computer Speakers;Electronics;920.33
1960;Gaming Keyboard;Electronics;90.95
1961;Gaming Mouse Pad;Accessories;819.24
1962;Rice Cooker;Home & Kitchen;542.94
1963;Phone Grip;Accessories;316.86
1964;Toaster Oven;Home & Kitchen;243.79
1965;Laptop Stand;Accessories;407.23
1966;Mechanical Keyboard;Electronics;239.71
1967;Food Processor;Home & Kitchen;260.00
1968;Monitor Stand;Furniture;743.39
1969;Laptop Sleeve;Accessories;662.30
1970;Wireless Mouse;Electronics;148.47
1971;Power Strip;Electronics;216.31
1972;Microphone;Electronics;323.37
1973;Bookshelf;Furniture;622.23
1974;Portable Charger;Accessories;674.23
1975;Bluetooth Headphones;Electronics;494.44
1976;Noise Cancelling Headset;Electronics;454.51
1977;Smart Watch;Electronics;324.43
1978;Cable Organizer;Accessories;190.12
1979;Storage Containers;Home & Kitchen;983.99
1980;Kitchen Blender;Home & Kitchen;964.36
1981;Wall Clock;Home & Kitchen;130.38
1982;Storage Shelf;Furniture;851.70
1983;WiFi Router;Electronics;319.30
1984;Air Purifier;Home & Kitchen;266.06
1985;Smartphone Case;Accessories;782.49
1986;Standing Desk;Furniture;435.94
1987;Throw Pillows;Home & Kitchen;205.19
1988;Wireless Charger;Electronics;895.58
1989;Wireless Presenter;Electronics;968.34
1990;USB-C Hub;Electronics;806.78
1991;Wireless Earbuds;Electronics;984.12
1992;Electric Kettle;Home & Kitchen;42.98
1993;Desk Organizer;Accessories;759.82
1994;Screen Protector;Accessories;595.96
1995;Desk Lamp;Home & Kitchen;880.90
1996;4K Monitor;Electronics;175.53
1997;Water Bottle;Home & Kitchen;430.14
1998;File Cabinet;Furniture;53.21
1999;Webcam HD;Electronics;73.49
2000;Keyboard Wrist Rest;Accessories;527.51
